"ID_outbreak","OCV_before_1","OCV_before_2","OCV_before_3","OCV_during","OCV_after_1","spatial_scale","Num_doses","Target_pop","Start_date"
"AFR::ZMB::Lusaka-2017-11-27-2018-04-22",FALSE,FALSE,FALSE,FALSE,FALSE,"smaller",NA,"1502839","2020-12-01"
"AFR::ZMB::Lusaka::Lusaka-2017-11-06-2018-04-08",FALSE,FALSE,FALSE,FALSE,FALSE,"same",NA,"1502839","2020-12-01"
"AFR::ZMB::Lusaka-2017-11-27-2018-04-22",FALSE,FALSE,FALSE,TRUE,FALSE,"smaller",1317925,"715256","2018-01-10"
"AFR::ZMB::Lusaka::Lusaka-2017-11-06-2018-04-08",FALSE,FALSE,FALSE,TRUE,FALSE,"same",1317925,"715256","2018-01-10"
"AFR::ZMB::Lusaka-2017-11-27-2018-04-22",FALSE,FALSE,FALSE,TRUE,FALSE,"smaller",1422478,"715256","2018-02-05"
"AFR::ZMB::Lusaka::Lusaka-2017-11-06-2018-04-08",FALSE,FALSE,FALSE,TRUE,FALSE,"same",1422478,"715256","2018-02-05"
"AFR::ZMB::Lusaka-2017-11-27-2018-04-22",FALSE,TRUE,TRUE,FALSE,FALSE,"smaller",423744,"543755","2016-04-09"
"AFR::ZMB::Lusaka::Lusaka-2017-11-06-2018-04-08",FALSE,TRUE,TRUE,FALSE,FALSE,"same",423744,"543755","2016-04-09"
"AFR::ZMB::Lusaka-2017-11-27-2018-04-22",TRUE,TRUE,TRUE,FALSE,FALSE,"smaller",437143,"421548","2016-12-16"
"AFR::ZMB::Lusaka::Lusaka-2017-11-06-2018-04-08",TRUE,TRUE,TRUE,FALSE,FALSE,"same",437143,"421548","2016-12-16"
"AFR::MOZ::Nampula-2017-10-02-2018-01-07",TRUE,TRUE,TRUE,FALSE,FALSE,"smaller",209561,"193403","2016-10-03"
"AFR::MOZ::Nampula-2017-10-02-2018-01-07",TRUE,TRUE,TRUE,FALSE,FALSE,"smaller",208734,"193403","2016-10-24"
"AFR::COD::Sud-Kivu::Uvira Health District-2010-04-05-2010-12-05",NA,NA,NA,NA,NA,"same",23173,"352401",""
"AFR::COD::Sud-Kivu::Uvira Health District-2012-01-09-2012-05-06",NA,NA,NA,NA,NA,"same",23173,"352401",""
"AFR::COD::Sud-Kivu::Uvira Health District-2014-01-13-2014-06-15",NA,NA,NA,NA,NA,"same",23173,"352401",""
"AFR::COD::Sud-Kivu::Uvira Health District-2014-09-08-2014-11-02",NA,NA,NA,NA,NA,"same",23173,"352401",""
"AFR::COD::Sud-Kivu::Uvira Health District-2014-12-01-2015-03-22",NA,NA,NA,NA,NA,"same",23173,"352401",""
"AFR::COD::Sud-Kivu::Uvira Health District-2016-07-18-2016-11-06",NA,NA,NA,NA,NA,"same",23173,"352401",""
"AFR::COD::Sud-Kivu::Uvira Health District-2017-08-07-2017-10-22",NA,NA,NA,NA,NA,"same",23173,"352401",""
"AFR::COD::Sud-Kivu::Uvira Health District-2018-10-15-2018-11-25",NA,NA,NA,NA,NA,"same",23173,"352401",""
"AFR::COD::Sud-Kivu::Uvira Health District::Kabindula-2010-08-23-2010-11-07",NA,NA,NA,NA,NA,"larger",23173,"352401",""
"AFR::COD::Sud-Kivu::Uvira Health District::Kalundu Cepac-2012-03-12-2012-07-08",NA,NA,NA,NA,NA,"larger",23173,"352401",""
"AFR::COD::Sud-Kivu::Uvira Health District::Kalundu Etat-2010-06-07-2010-10-31",NA,NA,NA,NA,NA,"larger",23173,"352401",""
"AFR::COD::Sud-Kivu::Uvira Health District::Kavimvira-2013-10-07-2014-01-05",NA,NA,NA,NA,NA,"larger",23173,"352401",""
"AFR::COD::Sud-Kivu::Uvira Health District::Kilomoni-2010-02-08-2010-05-02",NA,NA,NA,NA,NA,"larger",23173,"352401",""
"AFR::COD::Sud-Kivu::Uvira Health District::Kilomoni-2012-04-09-2012-06-24",NA,NA,NA,NA,NA,"larger",23173,"352401",""
"AFR::COD::Sud-Kivu::Uvira Health District::Kilomoni-2013-11-18-2014-01-12",NA,NA,NA,NA,NA,"larger",23173,"352401",""
"AFR::COD::Sud-Kivu::Uvira Health District::Mulongwe-2010-08-23-2010-10-31",NA,NA,NA,NA,NA,"larger",23173,"352401",""
"AFR::COD::Sud-Kivu::Uvira Health District::St Paul-2010-09-20-2011-05-15",NA,NA,NA,NA,NA,"larger",23173,"352401",""
"AFR::COD::Sud-Kivu::Uvira Health District::St Paul-2011-07-04-2011-12-11",NA,NA,NA,NA,NA,"larger",23173,"352401",""
"AFR::COD::Sud-Kivu::Uvira Health District::Tanganyika-2010-08-30-2010-11-28",NA,NA,NA,NA,NA,"larger",23173,"352401",""
"AFR::COD::Sud-Kivu::Uvira Health District::Tanganyika-2012-11-12-2013-06-16",NA,NA,NA,NA,NA,"larger",23173,"352401",""
"AFR::COD::Sud-Kivu::Uvira Health District::Tanganyika-2013-09-16-2013-12-29",NA,NA,NA,NA,NA,"larger",23173,"352401",""
"AFR::COD::Sud-Kivu::Fizi Health District-2010-03-15-2010-05-23",NA,NA,NA,NA,NA,"same",44399,"327827",""
"AFR::COD::Sud-Kivu::Fizi Health District-2011-09-19-2011-10-30",NA,NA,NA,NA,NA,"same",44399,"327827",""
"AFR::COD::Sud-Kivu::Fizi Health District-2013-03-11-2013-06-02",NA,NA,NA,NA,NA,"same",44399,"327827",""
"AFR::COD::Sud-Kivu::Fizi Health District-2013-11-04-2014-01-26",NA,NA,NA,NA,NA,"same",44399,"327827",""
"AFR::COD::Sud-Kivu::Fizi Health District-2014-12-01-2015-04-05",NA,NA,NA,NA,NA,"same",44399,"327827",""
"AFR::COD::Sud-Kivu::Fizi Health District-2015-09-14-2016-03-06",NA,NA,NA,NA,NA,"same",44399,"327827",""
"AFR::COD::Sud-Kivu::Fizi Health District-2016-11-14-2017-03-12",NA,NA,NA,NA,NA,"same",44399,"327827",""
"AFR::COD::Sud-Kivu::Fizi Health District-2018-07-16-2019-02-24",NA,NA,NA,NA,NA,"same",44399,"327827",""
"AFR::COD::Sud-Kivu::Fizi Health District-2019-04-29-2020-07-05",NA,NA,NA,NA,NA,"same",44399,"327827",""
"AFR::COD::Sud-Kivu::Fizi Health District::Baraka-2010-09-06-2011-05-22",NA,NA,NA,NA,NA,"larger",44399,"327827",""
"AFR::COD::Sud-Kivu::Fizi Health District::Mwangaza-2011-03-28-2011-05-08",NA,NA,NA,NA,NA,"larger",44399,"327827",""
"AFR::COD::Sud-Kivu::Fizi Health District::Mwangaza-2011-07-25-2012-04-29",NA,NA,NA,NA,NA,"larger",44399,"327827",""
"AFR::COD::Sud-Kivu::Fizi Health District::Sebele-2011-01-24-2012-02-12",NA,NA,NA,NA,NA,"larger",44399,"327827",""
"AFR::COD::Sud-Kivu::Fizi Health District::Sebele-2012-04-09-2013-01-13",NA,NA,NA,NA,NA,"larger",44399,"327827",""
"AFR::COD::Sud-Kivu::Idjwi Health District-2017-09-04-2018-02-04",NA,NA,NA,NA,NA,"same",2714,"61836",""
"AFR::COD::Sud-Kivu::Idjwi Health District-2019-02-25-2020-01-26",NA,NA,NA,NA,NA,"same",2714,"61836",""
"AFR::COD::Sud-Kivu::Idjwi Health District-2020-04-20-2020-08-30",NA,NA,NA,NA,NA,"same",2714,"61836",""
"AFR::COD::Sud-Kivu::Minova Health District-2010-10-25-2011-01-23",NA,NA,NA,NA,NA,"same",7901,"144097",""
"AFR::COD::Sud-Kivu::Minova Health District-2012-08-27-2013-06-09",NA,NA,NA,NA,NA,"same",7901,"144097",""
"AFR::COD::Sud-Kivu::Minova Health District-2013-08-05-2014-08-03",NA,NA,NA,NA,NA,"same",7901,"144097",""
"AFR::COD::Sud-Kivu::Minova Health District-2014-10-20-2014-12-07",NA,NA,NA,NA,NA,"same",7901,"144097",""
"AFR::COD::Sud-Kivu::Minova Health District-2017-07-31-2018-03-04",NA,NA,NA,NA,NA,"same",7901,"144097",""
"AFR::COD::Sud-Kivu::Minova Health District-2019-09-16-2020-02-16",NA,NA,NA,NA,NA,"same",7901,"144097",""
"AFR::COD::Sud-Kivu::Nundu Health District-2010-01-25-2010-03-14",NA,NA,NA,NA,NA,"same",16348,"165628",""
"AFR::COD::Sud-Kivu::Nundu Health District-2010-08-30-2011-06-26",NA,NA,NA,NA,NA,"same",16348,"165628",""
"AFR::COD::Sud-Kivu::Nundu Health District-2012-03-12-2012-04-15",NA,NA,NA,NA,NA,"same",16348,"165628",""
"AFR::COD::Sud-Kivu::Nundu Health District-2012-11-26-2013-05-19",NA,NA,NA,NA,NA,"same",16348,"165628",""
"AFR::COD::Sud-Kivu::Nundu Health District-2013-12-23-2014-02-16",NA,NA,NA,NA,NA,"same",16348,"165628",""
"AFR::COD::Sud-Kivu::Nundu Health District-2014-11-17-2015-03-29",NA,NA,NA,NA,NA,"same",16348,"165628",""
"AFR::COD::Sud-Kivu::Nundu Health District-2018-02-05-2018-04-29",NA,NA,NA,NA,NA,"same",16348,"165628",""
"AFR::COD::Sud-Kivu::Nundu Health District-2020-01-27-2020-05-17",NA,NA,NA,NA,NA,"same",16348,"165628",""
"AFR::COD::Sud-Kivu::Uvira Health District-2010-04-05-2010-12-05",NA,NA,NA,NA,NA,"same",330819,"352401",""
"AFR::COD::Sud-Kivu::Uvira Health District-2012-01-09-2012-05-06",NA,NA,NA,NA,NA,"same",330819,"352401",""
"AFR::COD::Sud-Kivu::Uvira Health District-2014-01-13-2014-06-15",NA,NA,NA,NA,NA,"same",330819,"352401",""
"AFR::COD::Sud-Kivu::Uvira Health District-2014-09-08-2014-11-02",NA,NA,NA,NA,NA,"same",330819,"352401",""
"AFR::COD::Sud-Kivu::Uvira Health District-2014-12-01-2015-03-22",NA,NA,NA,NA,NA,"same",330819,"352401",""
"AFR::COD::Sud-Kivu::Uvira Health District-2016-07-18-2016-11-06",NA,NA,NA,NA,NA,"same",330819,"352401",""
"AFR::COD::Sud-Kivu::Uvira Health District-2017-08-07-2017-10-22",NA,NA,NA,NA,NA,"same",330819,"352401",""
"AFR::COD::Sud-Kivu::Uvira Health District-2018-10-15-2018-11-25",NA,NA,NA,NA,NA,"same",330819,"352401",""
"AFR::COD::Sud-Kivu::Uvira Health District::Kabindula-2010-08-23-2010-11-07",NA,NA,NA,NA,NA,"larger",330819,"352401",""
"AFR::COD::Sud-Kivu::Uvira Health District::Kalundu Cepac-2012-03-12-2012-07-08",NA,NA,NA,NA,NA,"larger",330819,"352401",""
"AFR::COD::Sud-Kivu::Uvira Health District::Kalundu Etat-2010-06-07-2010-10-31",NA,NA,NA,NA,NA,"larger",330819,"352401",""
"AFR::COD::Sud-Kivu::Uvira Health District::Kavimvira-2013-10-07-2014-01-05",NA,NA,NA,NA,NA,"larger",330819,"352401",""
"AFR::COD::Sud-Kivu::Uvira Health District::Kilomoni-2010-02-08-2010-05-02",NA,NA,NA,NA,NA,"larger",330819,"352401",""
"AFR::COD::Sud-Kivu::Uvira Health District::Kilomoni-2012-04-09-2012-06-24",NA,NA,NA,NA,NA,"larger",330819,"352401",""
"AFR::COD::Sud-Kivu::Uvira Health District::Kilomoni-2013-11-18-2014-01-12",NA,NA,NA,NA,NA,"larger",330819,"352401",""
"AFR::COD::Sud-Kivu::Uvira Health District::Mulongwe-2010-08-23-2010-10-31",NA,NA,NA,NA,NA,"larger",330819,"352401",""
"AFR::COD::Sud-Kivu::Uvira Health District::St Paul-2010-09-20-2011-05-15",NA,NA,NA,NA,NA,"larger",330819,"352401",""
"AFR::COD::Sud-Kivu::Uvira Health District::St Paul-2011-07-04-2011-12-11",NA,NA,NA,NA,NA,"larger",330819,"352401",""
"AFR::COD::Sud-Kivu::Uvira Health District::Tanganyika-2010-08-30-2010-11-28",NA,NA,NA,NA,NA,"larger",330819,"352401",""
"AFR::COD::Sud-Kivu::Uvira Health District::Tanganyika-2012-11-12-2013-06-16",NA,NA,NA,NA,NA,"larger",330819,"352401",""
"AFR::COD::Sud-Kivu::Uvira Health District::Tanganyika-2013-09-16-2013-12-29",NA,NA,NA,NA,NA,"larger",330819,"352401",""
"AFR::COD::Sud-Kivu::Fizi Health District-2010-03-15-2010-05-23",NA,NA,NA,NA,NA,"same",296430,"327827",""
"AFR::COD::Sud-Kivu::Fizi Health District-2011-09-19-2011-10-30",NA,NA,NA,NA,NA,"same",296430,"327827",""
"AFR::COD::Sud-Kivu::Fizi Health District-2013-03-11-2013-06-02",NA,NA,NA,NA,NA,"same",296430,"327827",""
"AFR::COD::Sud-Kivu::Fizi Health District-2013-11-04-2014-01-26",NA,NA,NA,NA,NA,"same",296430,"327827",""
"AFR::COD::Sud-Kivu::Fizi Health District-2014-12-01-2015-04-05",NA,NA,NA,NA,NA,"same",296430,"327827",""
"AFR::COD::Sud-Kivu::Fizi Health District-2015-09-14-2016-03-06",NA,NA,NA,NA,NA,"same",296430,"327827",""
"AFR::COD::Sud-Kivu::Fizi Health District-2016-11-14-2017-03-12",NA,NA,NA,NA,NA,"same",296430,"327827",""
"AFR::COD::Sud-Kivu::Fizi Health District-2018-07-16-2019-02-24",NA,NA,NA,NA,NA,"same",296430,"327827",""
"AFR::COD::Sud-Kivu::Fizi Health District-2019-04-29-2020-07-05",NA,NA,NA,NA,NA,"same",296430,"327827",""
"AFR::COD::Sud-Kivu::Fizi Health District::Baraka-2010-09-06-2011-05-22",NA,NA,NA,NA,NA,"larger",296430,"327827",""
"AFR::COD::Sud-Kivu::Fizi Health District::Mwangaza-2011-03-28-2011-05-08",NA,NA,NA,NA,NA,"larger",296430,"327827",""
"AFR::COD::Sud-Kivu::Fizi Health District::Mwangaza-2011-07-25-2012-04-29",NA,NA,NA,NA,NA,"larger",296430,"327827",""
"AFR::COD::Sud-Kivu::Fizi Health District::Sebele-2011-01-24-2012-02-12",NA,NA,NA,NA,NA,"larger",296430,"327827",""
"AFR::COD::Sud-Kivu::Fizi Health District::Sebele-2012-04-09-2013-01-13",NA,NA,NA,NA,NA,"larger",296430,"327827",""
"AFR::COD::Sud-Kivu::Idjwi Health District-2017-09-04-2018-02-04",NA,NA,NA,NA,NA,"same",57378,"61836",""
"AFR::COD::Sud-Kivu::Idjwi Health District-2019-02-25-2020-01-26",NA,NA,NA,NA,NA,"same",57378,"61836",""
"AFR::COD::Sud-Kivu::Idjwi Health District-2020-04-20-2020-08-30",NA,NA,NA,NA,NA,"same",57378,"61836",""
"AFR::COD::Sud-Kivu::Minova Health District-2010-10-25-2011-01-23",NA,NA,NA,NA,NA,"same",127546,"144097",""
"AFR::COD::Sud-Kivu::Minova Health District-2012-08-27-2013-06-09",NA,NA,NA,NA,NA,"same",127546,"144097",""
"AFR::COD::Sud-Kivu::Minova Health District-2013-08-05-2014-08-03",NA,NA,NA,NA,NA,"same",127546,"144097",""
"AFR::COD::Sud-Kivu::Minova Health District-2014-10-20-2014-12-07",NA,NA,NA,NA,NA,"same",127546,"144097",""
"AFR::COD::Sud-Kivu::Minova Health District-2017-07-31-2018-03-04",NA,NA,NA,NA,NA,"same",127546,"144097",""
"AFR::COD::Sud-Kivu::Minova Health District-2019-09-16-2020-02-16",NA,NA,NA,NA,NA,"same",127546,"144097",""
"AFR::COD::Sud-Kivu::Nundu Health District-2010-01-25-2010-03-14",NA,NA,NA,NA,NA,"same",151644,"165628",""
"AFR::COD::Sud-Kivu::Nundu Health District-2010-08-30-2011-06-26",NA,NA,NA,NA,NA,"same",151644,"165628",""
"AFR::COD::Sud-Kivu::Nundu Health District-2012-03-12-2012-04-15",NA,NA,NA,NA,NA,"same",151644,"165628",""
"AFR::COD::Sud-Kivu::Nundu Health District-2012-11-26-2013-05-19",NA,NA,NA,NA,NA,"same",151644,"165628",""
"AFR::COD::Sud-Kivu::Nundu Health District-2013-12-23-2014-02-16",NA,NA,NA,NA,NA,"same",151644,"165628",""
"AFR::COD::Sud-Kivu::Nundu Health District-2014-11-17-2015-03-29",NA,NA,NA,NA,NA,"same",151644,"165628",""
"AFR::COD::Sud-Kivu::Nundu Health District-2018-02-05-2018-04-29",NA,NA,NA,NA,NA,"same",151644,"165628",""
"AFR::COD::Sud-Kivu::Nundu Health District-2020-01-27-2020-05-17",NA,NA,NA,NA,NA,"same",151644,"165628",""
"AFR::COD::Nord-Kivu::Goma Health District-2010-01-18-2010-08-01",FALSE,FALSE,FALSE,FALSE,FALSE,"same",113021,"112612","2020-01-15"
"AFR::COD::Nord-Kivu::Goma Health District-2012-01-23-2012-03-25",FALSE,FALSE,FALSE,FALSE,FALSE,"same",113021,"112612","2020-01-15"
"AFR::COD::Nord-Kivu::Goma Health District-2012-07-23-2012-09-23",FALSE,FALSE,FALSE,FALSE,FALSE,"same",113021,"112612","2020-01-15"
"AFR::COD::Nord-Kivu::Goma Health District-2012-11-19-2013-03-24",FALSE,FALSE,FALSE,FALSE,FALSE,"same",113021,"112612","2020-01-15"
"AFR::COD::Nord-Kivu::Goma Health District-2013-09-02-2013-11-24",FALSE,FALSE,FALSE,FALSE,FALSE,"same",113021,"112612","2020-01-15"
"AFR::COD::Nord-Kivu::Goma Health District-2015-08-03-2015-11-08",FALSE,FALSE,FALSE,FALSE,FALSE,"same",113021,"112612","2020-01-15"
"AFR::COD::Nord-Kivu::Goma Health District-2016-02-01-2016-05-01",FALSE,FALSE,FALSE,FALSE,FALSE,"same",113021,"112612","2020-01-15"
"AFR::COD::Nord-Kivu::Goma Health District-2017-06-26-2018-01-14",FALSE,FALSE,FALSE,FALSE,FALSE,"same",113021,"112612","2020-01-15"
"AFR::COD::Nord-Kivu::Goma Health District-2019-06-24-2020-05-10",FALSE,FALSE,FALSE,TRUE,FALSE,"same",113021,"112612","2020-01-15"
"AFR::COD::Nord-Kivu::Goma Health District::Buhimba-2012-01-16-2012-03-25",FALSE,FALSE,FALSE,FALSE,FALSE,"larger",113021,"112612","2020-01-15"
"AFR::COD::Nord-Kivu::Goma Health District::Buhimba-2013-01-14-2013-03-17",FALSE,FALSE,FALSE,FALSE,FALSE,"larger",113021,"112612","2020-01-15"
"AFR::COD::Nord-Kivu::Goma Health District::Buhimba-2013-09-02-2013-10-20",FALSE,FALSE,FALSE,FALSE,FALSE,"larger",113021,"112612","2020-01-15"
"AFR::COD::Nord-Kivu::Goma Health District::Heal Africa-2010-01-25-2011-01-16",FALSE,FALSE,FALSE,FALSE,FALSE,"larger",113021,"112612","2020-01-15"
"AFR::COD::Nord-Kivu::Goma Health District::Heal Africa-2013-01-21-2013-05-26",FALSE,FALSE,FALSE,FALSE,FALSE,"larger",113021,"112612","2020-01-15"
"AFR::COD::Nord-Kivu::Karisimbi Health District-2010-02-08-2010-05-02",FALSE,FALSE,FALSE,FALSE,FALSE,"same",104408,"117952","2020-01-15"
"AFR::COD::Nord-Kivu::Karisimbi Health District-2012-01-30-2012-03-25",FALSE,FALSE,FALSE,FALSE,FALSE,"same",104408,"117952","2020-01-15"
"AFR::COD::Nord-Kivu::Karisimbi Health District-2012-10-15-2012-11-25",FALSE,FALSE,FALSE,FALSE,FALSE,"same",104408,"117952","2020-01-15"
"AFR::COD::Nord-Kivu::Karisimbi Health District-2014-06-09-2014-08-03",FALSE,FALSE,FALSE,FALSE,FALSE,"same",104408,"117952","2020-01-15"
"AFR::COD::Nord-Kivu::Karisimbi Health District-2017-06-26-2017-12-03",FALSE,FALSE,FALSE,FALSE,FALSE,"same",104408,"117952","2020-01-15"
"AFR::COD::Nord-Kivu::Karisimbi Health District-2019-05-20-2020-05-31",FALSE,FALSE,FALSE,TRUE,FALSE,"same",104408,"117952","2020-01-15"
"AFR::COD::Nord-Kivu::Karisimbi Health District::Katoyi-2010-01-25-2010-04-11",FALSE,FALSE,FALSE,FALSE,FALSE,"larger",104408,"117952","2020-01-15"
"AFR::COD::Nord-Kivu::Karisimbi Health District::Majengo-2010-02-08-2010-05-16",FALSE,FALSE,FALSE,FALSE,FALSE,"larger",104408,"117952","2020-01-15"
"AFR::COD::Nord-Kivu::Itebero Health District-2017-11-20-2018-02-18",FALSE,FALSE,FALSE,FALSE,FALSE,"same",11740,"11220","2020-01-17"
"AFR::COD::Nord-Kivu::Nyiragongo Health District-2017-06-26-2018-04-01",FALSE,FALSE,FALSE,FALSE,FALSE,"same",150848,"128657","2020-01-15"
"AFR::COD::Nord-Kivu::Nyiragongo Health District-2019-07-15-2020-03-22",FALSE,FALSE,FALSE,TRUE,FALSE,"same",150848,"128657","2020-01-15"
"AFR::COD::Nord-Kivu::Kibua Health District-2017-11-13-2018-06-03",FALSE,FALSE,FALSE,FALSE,FALSE,"same",19479,"20095","2020-01-17"
"AFR::COD::Nord-Kivu::Kibua Health District-2019-10-07-2020-05-31",FALSE,FALSE,FALSE,TRUE,FALSE,"same",19479,"20095","2020-01-17"
"AFR::COD::Nord-Kivu::Mweso Health District-2011-01-31-2012-10-14",FALSE,FALSE,FALSE,FALSE,FALSE,"same",23000,"22994","2020-01-15"
"AFR::COD::Nord-Kivu::Mweso Health District-2013-10-21-2013-12-15",FALSE,FALSE,FALSE,FALSE,FALSE,"same",23000,"22994","2020-01-15"
"AFR::COD::Nord-Kivu::Mweso Health District-2014-09-22-2015-01-25",FALSE,FALSE,FALSE,FALSE,FALSE,"same",23000,"22994","2020-01-15"
"AFR::COD::Nord-Kivu::Mweso Health District-2015-12-21-2016-02-28",FALSE,FALSE,FALSE,FALSE,FALSE,"same",23000,"22994","2020-01-15"
"AFR::COD::Nord-Kivu::Mweso Health District-2016-05-16-2016-07-17",FALSE,FALSE,FALSE,FALSE,FALSE,"same",23000,"22994","2020-01-15"
"AFR::COD::Nord-Kivu::Mweso Health District-2017-10-09-2018-04-01",FALSE,FALSE,FALSE,FALSE,FALSE,"same",23000,"22994","2020-01-15"
"AFR::COD::Nord-Kivu::Mutwanga Health District-2012-01-16-2012-09-16",FALSE,FALSE,FALSE,FALSE,FALSE,"same",51169,"48208","2020-01-15"
"AFR::COD::Nord-Kivu::Mutwanga Health District-2015-02-23-2015-08-30",FALSE,FALSE,FALSE,FALSE,FALSE,"same",51169,"48208","2020-01-15"
"AFR::COD::Kinshasa::Binza Meteo Health District-2012-05-28-2012-07-29",FALSE,FALSE,FALSE,FALSE,FALSE,"same",81141,"89035","2019-05-28"
"AFR::COD::Kinshasa::Binza Meteo Health District-2017-12-11-2018-04-22",FALSE,FALSE,FALSE,FALSE,FALSE,"same",81141,"89035","2019-05-28"
"AFR::COD::Nord-Kivu::Binza Health District-2019-03-04-2019-06-16",FALSE,FALSE,FALSE,TRUE,FALSE,"same",81141,"89035","2019-05-28"
"AFR::COD::Nord-Kivu::Kayna Health District-2019-01-28-2019-05-12",FALSE,FALSE,FALSE,FALSE,FALSE,"same",109030,"139398","2019-05-28"
"AFR::COD::Nord-Kivu::Goma Health District-2010-01-18-2010-08-01",FALSE,FALSE,FALSE,FALSE,FALSE,"same",107459,"97547","2019-05-28"
"AFR::COD::Nord-Kivu::Goma Health District-2012-01-23-2012-03-25",FALSE,FALSE,FALSE,FALSE,FALSE,"same",107459,"97547","2019-05-28"
"AFR::COD::Nord-Kivu::Goma Health District-2012-07-23-2012-09-23",FALSE,FALSE,FALSE,FALSE,FALSE,"same",107459,"97547","2019-05-28"
"AFR::COD::Nord-Kivu::Goma Health District-2012-11-19-2013-03-24",FALSE,FALSE,FALSE,FALSE,FALSE,"same",107459,"97547","2019-05-28"
"AFR::COD::Nord-Kivu::Goma Health District-2013-09-02-2013-11-24",FALSE,FALSE,FALSE,FALSE,FALSE,"same",107459,"97547","2019-05-28"
"AFR::COD::Nord-Kivu::Goma Health District-2015-08-03-2015-11-08",FALSE,FALSE,FALSE,FALSE,FALSE,"same",107459,"97547","2019-05-28"
"AFR::COD::Nord-Kivu::Goma Health District-2016-02-01-2016-05-01",FALSE,FALSE,FALSE,FALSE,FALSE,"same",107459,"97547","2019-05-28"
"AFR::COD::Nord-Kivu::Goma Health District-2017-06-26-2018-01-14",FALSE,FALSE,FALSE,FALSE,FALSE,"same",107459,"97547","2019-05-28"
"AFR::COD::Nord-Kivu::Goma Health District-2019-06-24-2020-05-10",TRUE,TRUE,TRUE,FALSE,FALSE,"same",107459,"97547","2019-05-28"
"AFR::COD::Nord-Kivu::Goma Health District::Buhimba-2012-01-16-2012-03-25",FALSE,FALSE,FALSE,FALSE,FALSE,"larger",107459,"97547","2019-05-28"
"AFR::COD::Nord-Kivu::Goma Health District::Buhimba-2013-01-14-2013-03-17",FALSE,FALSE,FALSE,FALSE,FALSE,"larger",107459,"97547","2019-05-28"
"AFR::COD::Nord-Kivu::Goma Health District::Buhimba-2013-09-02-2013-10-20",FALSE,FALSE,FALSE,FALSE,FALSE,"larger",107459,"97547","2019-05-28"
"AFR::COD::Nord-Kivu::Goma Health District::Heal Africa-2010-01-25-2011-01-16",FALSE,FALSE,FALSE,FALSE,FALSE,"larger",107459,"97547","2019-05-28"
"AFR::COD::Nord-Kivu::Goma Health District::Heal Africa-2013-01-21-2013-05-26",FALSE,FALSE,FALSE,FALSE,FALSE,"larger",107459,"97547","2019-05-28"
"AFR::COD::Nord-Kivu::Rutshuru Health District-2013-12-23-2014-11-16",FALSE,FALSE,FALSE,FALSE,FALSE,"same",78138,"108321","2019-05-28"
"AFR::COD::Nord-Kivu::Rutshuru Health District-2016-03-14-2017-01-01",FALSE,FALSE,FALSE,FALSE,FALSE,"same",78138,"108321","2019-05-28"
"AFR::COD::Nord-Kivu::Rutshuru Health District-2017-05-22-2017-11-26",FALSE,FALSE,FALSE,FALSE,FALSE,"same",78138,"108321","2019-05-28"
"AFR::COD::Nord-Kivu::Karisimbi Health District-2010-02-08-2010-05-02",FALSE,FALSE,FALSE,FALSE,FALSE,"same",317375,"328117","2019-05-28"
"AFR::COD::Nord-Kivu::Karisimbi Health District-2012-01-30-2012-03-25",FALSE,FALSE,FALSE,FALSE,FALSE,"same",317375,"328117","2019-05-28"
"AFR::COD::Nord-Kivu::Karisimbi Health District-2012-10-15-2012-11-25",FALSE,FALSE,FALSE,FALSE,FALSE,"same",317375,"328117","2019-05-28"
"AFR::COD::Nord-Kivu::Karisimbi Health District-2014-06-09-2014-08-03",FALSE,FALSE,FALSE,FALSE,FALSE,"same",317375,"328117","2019-05-28"
"AFR::COD::Nord-Kivu::Karisimbi Health District-2017-06-26-2017-12-03",FALSE,FALSE,FALSE,FALSE,FALSE,"same",317375,"328117","2019-05-28"
"AFR::COD::Nord-Kivu::Karisimbi Health District-2019-05-20-2020-05-31",FALSE,FALSE,FALSE,TRUE,FALSE,"same",317375,"328117","2019-05-28"
"AFR::COD::Nord-Kivu::Karisimbi Health District::Katoyi-2010-01-25-2010-04-11",FALSE,FALSE,FALSE,FALSE,FALSE,"larger",317375,"328117","2019-05-28"
"AFR::COD::Nord-Kivu::Karisimbi Health District::Majengo-2010-02-08-2010-05-16",FALSE,FALSE,FALSE,FALSE,FALSE,"larger",317375,"328117","2019-05-28"
"AFR::COD::Kinshasa::Binza Meteo Health District-2012-05-28-2012-07-29",FALSE,FALSE,FALSE,FALSE,FALSE,"same",87595,"89035","2019-10-30"
"AFR::COD::Kinshasa::Binza Meteo Health District-2017-12-11-2018-04-22",FALSE,FALSE,FALSE,FALSE,FALSE,"same",87595,"89035","2019-10-30"
"AFR::COD::Nord-Kivu::Binza Health District-2019-03-04-2019-06-16",FALSE,FALSE,FALSE,FALSE,FALSE,"same",87595,"89035","2019-10-30"
"AFR::COD::Nord-Kivu::Kayna Health District-2019-01-28-2019-05-12",FALSE,FALSE,FALSE,FALSE,FALSE,"same",120295,"139398","2019-10-30"
"AFR::COD::Nord-Kivu::Goma Health District-2010-01-18-2010-08-01",FALSE,FALSE,FALSE,FALSE,FALSE,"same",110172,"97547","2019-10-30"
"AFR::COD::Nord-Kivu::Goma Health District-2012-01-23-2012-03-25",FALSE,FALSE,FALSE,FALSE,FALSE,"same",110172,"97547","2019-10-30"
"AFR::COD::Nord-Kivu::Goma Health District-2012-07-23-2012-09-23",FALSE,FALSE,FALSE,FALSE,FALSE,"same",110172,"97547","2019-10-30"
"AFR::COD::Nord-Kivu::Goma Health District-2012-11-19-2013-03-24",FALSE,FALSE,FALSE,FALSE,FALSE,"same",110172,"97547","2019-10-30"
"AFR::COD::Nord-Kivu::Goma Health District-2013-09-02-2013-11-24",FALSE,FALSE,FALSE,FALSE,FALSE,"same",110172,"97547","2019-10-30"
"AFR::COD::Nord-Kivu::Goma Health District-2015-08-03-2015-11-08",FALSE,FALSE,FALSE,FALSE,FALSE,"same",110172,"97547","2019-10-30"
"AFR::COD::Nord-Kivu::Goma Health District-2016-02-01-2016-05-01",FALSE,FALSE,FALSE,FALSE,FALSE,"same",110172,"97547","2019-10-30"
"AFR::COD::Nord-Kivu::Goma Health District-2017-06-26-2018-01-14",FALSE,FALSE,FALSE,FALSE,FALSE,"same",110172,"97547","2019-10-30"
"AFR::COD::Nord-Kivu::Goma Health District-2019-06-24-2020-05-10",FALSE,FALSE,FALSE,TRUE,FALSE,"same",110172,"97547","2019-10-30"
"AFR::COD::Nord-Kivu::Goma Health District::Buhimba-2012-01-16-2012-03-25",FALSE,FALSE,FALSE,FALSE,FALSE,"larger",110172,"97547","2019-10-30"
"AFR::COD::Nord-Kivu::Goma Health District::Buhimba-2013-01-14-2013-03-17",FALSE,FALSE,FALSE,FALSE,FALSE,"larger",110172,"97547","2019-10-30"
"AFR::COD::Nord-Kivu::Goma Health District::Buhimba-2013-09-02-2013-10-20",FALSE,FALSE,FALSE,FALSE,FALSE,"larger",110172,"97547","2019-10-30"
"AFR::COD::Nord-Kivu::Goma Health District::Heal Africa-2010-01-25-2011-01-16",FALSE,FALSE,FALSE,FALSE,FALSE,"larger",110172,"97547","2019-10-30"
"AFR::COD::Nord-Kivu::Goma Health District::Heal Africa-2013-01-21-2013-05-26",FALSE,FALSE,FALSE,FALSE,FALSE,"larger",110172,"97547","2019-10-30"
"AFR::COD::Nord-Kivu::Rutshuru Health District-2013-12-23-2014-11-16",FALSE,FALSE,FALSE,FALSE,FALSE,"same",89474,"108321","2019-10-30"
"AFR::COD::Nord-Kivu::Rutshuru Health District-2016-03-14-2017-01-01",FALSE,FALSE,FALSE,FALSE,FALSE,"same",89474,"108321","2019-10-30"
"AFR::COD::Nord-Kivu::Rutshuru Health District-2017-05-22-2017-11-26",FALSE,FALSE,FALSE,FALSE,FALSE,"same",89474,"108321","2019-10-30"
"AFR::COD::Nord-Kivu::Karisimbi Health District-2010-02-08-2010-05-02",FALSE,FALSE,FALSE,FALSE,FALSE,"same",305028,"328117","2019-10-30"
"AFR::COD::Nord-Kivu::Karisimbi Health District-2012-01-30-2012-03-25",FALSE,FALSE,FALSE,FALSE,FALSE,"same",305028,"328117","2019-10-30"
"AFR::COD::Nord-Kivu::Karisimbi Health District-2012-10-15-2012-11-25",FALSE,FALSE,FALSE,FALSE,FALSE,"same",305028,"328117","2019-10-30"
"AFR::COD::Nord-Kivu::Karisimbi Health District-2014-06-09-2014-08-03",FALSE,FALSE,FALSE,FALSE,FALSE,"same",305028,"328117","2019-10-30"
"AFR::COD::Nord-Kivu::Karisimbi Health District-2017-06-26-2017-12-03",FALSE,FALSE,FALSE,FALSE,FALSE,"same",305028,"328117","2019-10-30"
"AFR::COD::Nord-Kivu::Karisimbi Health District-2019-05-20-2020-05-31",FALSE,FALSE,FALSE,TRUE,FALSE,"same",305028,"328117","2019-10-30"
"AFR::COD::Nord-Kivu::Karisimbi Health District::Katoyi-2010-01-25-2010-04-11",FALSE,FALSE,FALSE,FALSE,FALSE,"larger",305028,"328117","2019-10-30"
"AFR::COD::Nord-Kivu::Karisimbi Health District::Majengo-2010-02-08-2010-05-16",FALSE,FALSE,FALSE,FALSE,FALSE,"larger",305028,"328117","2019-10-30"
"AFR::COD::Lomami::Ngandajika Health District-2018-01-22-2018-03-25",FALSE,FALSE,FALSE,FALSE,FALSE,"same",57961,"58372","2018-12-13"
"AFR::COD::Lomami::Ngandajika Health District-2018-10-22-2019-02-10",FALSE,FALSE,FALSE,TRUE,FALSE,"same",57961,"58372","2018-12-13"
"AFR::COD::Lomami::Mulumba Health District-2017-10-30-2018-01-28",FALSE,FALSE,FALSE,FALSE,FALSE,"same",46230,"46440","2018-12-13"
"AFR::COD::Lomami::Mulumba Health District-2018-09-10-2019-03-03",FALSE,FALSE,FALSE,TRUE,FALSE,"same",46230,"46440","2018-12-13"
"AFR::COD::Sankuru::Lusambo Health District-2018-07-30-2019-03-03",FALSE,FALSE,FALSE,TRUE,FALSE,"same",68353,"65541","2018-12-13"
"AFR::COD::Sankuru::Lusambo Health District-2019-08-12-2019-10-27",TRUE,TRUE,TRUE,FALSE,FALSE,"same",68353,"65541","2018-12-13"
"AFR::COD::Sankuru::Lusambo Health District-2020-06-08-2020-09-13",FALSE,TRUE,TRUE,FALSE,FALSE,"same",68353,"65541","2018-12-13"
"AFR::COD::Sankuru::Bena Dibele Health District-2018-10-01-2018-12-30",FALSE,FALSE,FALSE,TRUE,FALSE,"same",91573,"89683","2018-12-13"
"AFR::COD::Kasai::Dekese Health District-2017-12-04-2018-02-25",FALSE,FALSE,FALSE,FALSE,FALSE,"same",49194,"49228","2018-12-13"
"AFR::COD::Kasai::Dekese Health District-2018-09-03-2018-10-21",FALSE,FALSE,FALSE,FALSE,FALSE,"same",49194,"49228","2018-12-13"
"AFR::COD::Lomami::Ngandajika Health District-2018-01-22-2018-03-25",FALSE,FALSE,FALSE,FALSE,FALSE,"same",57470,"58372","2019-07-03"
"AFR::COD::Lomami::Ngandajika Health District-2018-10-22-2019-02-10",FALSE,FALSE,FALSE,FALSE,FALSE,"same",57470,"58372","2019-07-03"
"AFR::COD::Lomami::Mulumba Health District-2017-10-30-2018-01-28",FALSE,FALSE,FALSE,FALSE,FALSE,"same",48262,"46440","2019-07-03"
"AFR::COD::Lomami::Mulumba Health District-2018-09-10-2019-03-03",FALSE,FALSE,FALSE,FALSE,FALSE,"same",48262,"46440","2019-07-03"
"AFR::COD::Sankuru::Lusambo Health District-2018-07-30-2019-03-03",FALSE,FALSE,FALSE,FALSE,FALSE,"same",66037,"65541","2019-07-03"
"AFR::COD::Sankuru::Lusambo Health District-2019-08-12-2019-10-27",TRUE,TRUE,TRUE,FALSE,FALSE,"same",66037,"65541","2019-07-03"
"AFR::COD::Sankuru::Lusambo Health District-2020-06-08-2020-09-13",TRUE,TRUE,TRUE,FALSE,FALSE,"same",66037,"65541","2019-07-03"
"AFR::COD::Sankuru::Bena Dibele Health District-2018-10-01-2018-12-30",FALSE,FALSE,FALSE,FALSE,FALSE,"same",91800,"89683","2019-07-03"
"AFR::COD::Kasai::Dekese Health District-2017-12-04-2018-02-25",FALSE,FALSE,FALSE,FALSE,FALSE,"same",49938,"49228","2019-07-03"
"AFR::COD::Kasai::Dekese Health District-2018-09-03-2018-10-21",FALSE,FALSE,FALSE,FALSE,FALSE,"same",49938,"49228","2019-07-03"
"AFR::COD::Kinshasa::Kingabwa Health District-2011-06-20-2012-07-08",FALSE,FALSE,FALSE,FALSE,FALSE,"same",122918,"117439","2016-09-30"
"AFR::COD::Kinshasa::Kingabwa Health District-2012-12-24-2013-02-17",FALSE,FALSE,FALSE,FALSE,FALSE,"same",122918,"117439","2016-09-30"
"AFR::COD::Kinshasa::Kingabwa Health District-2018-01-29-2018-10-07",FALSE,TRUE,TRUE,FALSE,FALSE,"same",122918,"117439","2016-09-30"
"AFR::COD::Kinshasa::Limete Health District-2011-11-28-2012-06-03",FALSE,FALSE,FALSE,FALSE,FALSE,"same",39720,"13589","2016-09-30"
"AFR::COD::Kinshasa::Limete Health District-2013-01-14-2013-03-17",FALSE,FALSE,FALSE,FALSE,FALSE,"same",39720,"13589","2016-09-30"
"AFR::COD::Kinshasa::Limete Health District-2018-02-12-2019-03-31",FALSE,TRUE,TRUE,FALSE,FALSE,"same",39720,"13589","2016-09-30"
"AFR::COD::Kinshasa::Nsele Health District-2011-08-08-2012-07-29",FALSE,FALSE,FALSE,FALSE,FALSE,"same",4291,"6511","2016-09-30"
"AFR::COD::Kinshasa::Masina Ii Health District-2012-02-13-2013-03-24",FALSE,FALSE,FALSE,FALSE,FALSE,"same",104297,"92795","2016-09-30"
"AFR::COD::Kinshasa::Kingabwa Health District-2011-06-20-2012-07-08",NA,NA,NA,NA,NA,"same",NA,"117439",""
"AFR::COD::Kinshasa::Kingabwa Health District-2012-12-24-2013-02-17",NA,NA,NA,NA,NA,"same",NA,"117439",""
"AFR::COD::Kinshasa::Kingabwa Health District-2018-01-29-2018-10-07",NA,NA,NA,NA,NA,"same",NA,"117439",""
"AFR::COD::Kinshasa::Limete Health District-2011-11-28-2012-06-03",NA,NA,NA,NA,NA,"same",NA,"13589",""
"AFR::COD::Kinshasa::Limete Health District-2013-01-14-2013-03-17",NA,NA,NA,NA,NA,"same",NA,"13589",""
"AFR::COD::Kinshasa::Limete Health District-2018-02-12-2019-03-31",NA,NA,NA,NA,NA,"same",NA,"13589",""
"AFR::COD::Kinshasa::Nsele Health District-2011-08-08-2012-07-29",NA,NA,NA,NA,NA,"same",NA,"6511",""
"AFR::COD::Kinshasa::Masina Ii Health District-2012-02-13-2013-03-24",NA,NA,NA,NA,NA,"same",NA,"92795",""
"AFR::UGA::Moroto-2010-03-29-2010-06-13",NA,NA,NA,NA,NA,"smaller",66466,"93849",""
"AFR::UGA::Moroto-2010-03-29-2010-06-13",NA,NA,NA,NA,NA,"smaller",65219,"93849",""
"AFR::UGA::Nebbi-2013-11-18-2014-05-25",FALSE,FALSE,FALSE,FALSE,FALSE,"smaller",189397,"179402","2019-04-29"
"AFR::UGA::Buliisa-2013-07-22-2013-11-03",FALSE,FALSE,FALSE,FALSE,FALSE,"smaller",67716,"132021","2019-04-29"
"AFR::UGA::Hoima-2015-09-28-2015-11-15",FALSE,FALSE,FALSE,FALSE,FALSE,"smaller",357176,"360621","2018-05-02"
"AFR::UGA::Nebbi-2013-11-18-2014-05-25",FALSE,FALSE,FALSE,FALSE,FALSE,"smaller",202413,"179402","2019-12-10"
"AFR::UGA::Buliisa-2013-07-22-2013-11-03",FALSE,FALSE,FALSE,FALSE,FALSE,"smaller",123147,"132021","2019-12-10"
"AFR::UGA::Hoima-2015-09-28-2015-11-15",FALSE,FALSE,FALSE,FALSE,FALSE,"smaller",332893,"360621","2018-06-28"
"AFR::SSD::Kapoeta::Kapoeta North-2017-05-29-2017-08-06",FALSE,FALSE,FALSE,TRUE,FALSE,"same",73323,"141520.09","2017-06-29"
"AFR::SSD::Kapoeta::Kapoeta North-2017-05-29-2017-08-06",FALSE,FALSE,FALSE,FALSE,FALSE,"same",71406,"141520.09","2017-08-11"
"AFR::SSD::Fangak::Ayod-2017-04-03-2017-07-16",FALSE,FALSE,FALSE,TRUE,FALSE,"same",11140,"18550","2017-06-20"
"AFR::SSD::Fangak::Ayod-2017-04-03-2017-07-16",FALSE,FALSE,FALSE,FALSE,FALSE,"same",11953,"18550","2017-07-18"
"AFR::SSD::Kapoeta::Budi-2017-07-17-2017-11-26",FALSE,FALSE,FALSE,TRUE,FALSE,"same",89377,"147476","2017-11-18"
"AFR::SSD::Kapoeta::Budi-2017-07-17-2017-11-26",FALSE,FALSE,FALSE,FALSE,FALSE,"same",94218,"147476","2018-01-18"
"AFR::SSD::Fangak::Ayod-2017-04-03-2017-07-16",FALSE,FALSE,FALSE,TRUE,FALSE,"same",19592,"","2017-05-09"
"AFR::SSD::Northern Liech::Rubkona::Bentiu Town-2016-10-24-2017-01-15",FALSE,FALSE,FALSE,FALSE,FALSE,"larger",15836,"","2017-06-01"
"AFR::SSD::Northern Liech::Rubkona-2016-10-17-2017-03-19",FALSE,FALSE,FALSE,FALSE,FALSE,"same",16072,"","2017-06-01"
"AFR::SSD::Northern Liech::Rubkona::Bentiu Town-2016-10-24-2017-01-15",FALSE,FALSE,FALSE,FALSE,FALSE,"larger",16072,"","2017-06-01"
"AFR::SSD::Northern Liech::Rubkona::Bentiu Town-2016-10-24-2017-01-15",FALSE,FALSE,FALSE,FALSE,FALSE,"larger",20395,"","2017-07-11"
"AFR::SSD::Northern Liech::Rubkona-2016-10-17-2017-03-19",FALSE,FALSE,FALSE,FALSE,FALSE,"same",17993,"","2017-07-11"
"AFR::SSD::Northern Liech::Rubkona::Bentiu Town-2016-10-24-2017-01-15",FALSE,FALSE,FALSE,FALSE,FALSE,"larger",17993,"","2017-07-11"
"AFR::SSD::Northern Liech::Rubkona-2016-10-17-2017-03-19",NA,NA,NA,NA,NA,"same",69757,"68684",""
"AFR::SSD::Northern Liech::Rubkona::Bentiu Town-2016-10-24-2017-01-15",NA,NA,NA,NA,NA,"larger",69757,"68684",""
"AFR::SSD::Northern Liech::Rubkona-2016-10-17-2017-03-19",FALSE,TRUE,TRUE,FALSE,FALSE,"same",71214,"69757","2015-06-22"
"AFR::SSD::Northern Liech::Rubkona::Bentiu Town-2016-10-24-2017-01-15",FALSE,TRUE,TRUE,FALSE,FALSE,"larger",71214,"69757","2015-06-22"
"AFR::SSD::Central Equatoria::Juba::Juba Town-2015-06-08-2015-09-06",NA,NA,NA,NA,NA,"larger",21628.5,"28576",""
"AFR::SSD::Central Equatoria::Juba::Kator-2015-06-08-2015-09-06",NA,NA,NA,NA,NA,"larger",21628.5,"28576",""
"AFR::SSD::Central Equatoria::Juba::Munuki-2015-06-08-2015-09-20",NA,NA,NA,NA,NA,"larger",21628.5,"28576",""
"AFR::SSD::Central Equatoria::Juba::Northern Bari-2015-06-08-2015-09-20",NA,NA,NA,NA,NA,"larger",21628.5,"28576",""
"AFR::SSD::Central Equatoria::Juba::Rejaf-2015-06-08-2015-08-30",NA,NA,NA,NA,NA,"larger",21628.5,"28576",""
"AFR::SSD::SS-EC::Juba-2015-06-01-2015-10-04",NA,NA,NA,NA,NA,"same",21628.5,"28576",""
"AFR::SSD::Jonglei::Bor South-2016-09-05-2016-10-16",NA,NA,NA,NA,NA,"same",2904.5,"3273",""
"AFR::SSD::Jonglei::Bor South-2017-01-30-2017-03-26",NA,NA,NA,NA,NA,"same",2904.5,"3273",""
"AFR::SSD::Jonglei::Bor South-2017-05-01-2017-06-04",NA,NA,NA,NA,NA,"same",2904.5,"3273",""
"AFR::SSD::Northern Liech::Rubkona-2016-10-17-2017-03-19",NA,NA,NA,NA,NA,"same",33264.5,"28800",""
"AFR::SSD::Northern Liech::Rubkona::Bentiu Town-2016-10-24-2017-01-15",NA,NA,NA,NA,NA,"larger",33264.5,"28800",""
"AFR::SSD::Central Equatoria::Juba::Juba Town-2015-06-08-2015-09-06",NA,NA,NA,NA,NA,"larger",21628.5,"28576",""
"AFR::SSD::Central Equatoria::Juba::Kator-2015-06-08-2015-09-06",NA,NA,NA,NA,NA,"larger",21628.5,"28576",""
"AFR::SSD::Central Equatoria::Juba::Munuki-2015-06-08-2015-09-20",NA,NA,NA,NA,NA,"larger",21628.5,"28576",""
"AFR::SSD::Central Equatoria::Juba::Northern Bari-2015-06-08-2015-09-20",NA,NA,NA,NA,NA,"larger",21628.5,"28576",""
"AFR::SSD::Central Equatoria::Juba::Rejaf-2015-06-08-2015-08-30",NA,NA,NA,NA,NA,"larger",21628.5,"28576",""
"AFR::SSD::SS-EC::Juba-2015-06-01-2015-10-04",NA,NA,NA,NA,NA,"same",21628.5,"28576",""
"AFR::SSD::Jonglei::Bor South-2016-09-05-2016-10-16",NA,NA,NA,NA,NA,"same",2904.5,"3273",""
"AFR::SSD::Jonglei::Bor South-2017-01-30-2017-03-26",NA,NA,NA,NA,NA,"same",2904.5,"3273",""
"AFR::SSD::Jonglei::Bor South-2017-05-01-2017-06-04",NA,NA,NA,NA,NA,"same",2904.5,"3273",""
"AFR::SSD::Northern Liech::Rubkona-2016-10-17-2017-03-19",NA,NA,NA,NA,NA,"same",33264.5,"28800",""
"AFR::SSD::Northern Liech::Rubkona::Bentiu Town-2016-10-24-2017-01-15",NA,NA,NA,NA,NA,"larger",33264.5,"28800",""
"AFR::ZWE::Harare::Budiriro::Budiriro 1-2018-09-03-2018-10-21",FALSE,FALSE,FALSE,TRUE,FALSE,"larger",967843,"1035435","2018-10-03"
"AFR::ZWE::Harare::Harare-2018-09-03-2018-10-28",FALSE,FALSE,FALSE,TRUE,FALSE,"same",967843,"1035435","2018-10-03"
"AFR::ZWE::Harare::Highfield::Lusaka-2018-09-03-2018-11-25",FALSE,FALSE,FALSE,TRUE,FALSE,"larger",967843,"1035435","2018-10-03"
"AFR::ZWE::Harare::Kambuzuma::Kambuzuma2-2018-09-03-2018-11-11",FALSE,FALSE,FALSE,TRUE,FALSE,"larger",967843,"1035435","2018-10-03"
"AFR::ZWE::Harare::Budiriro::Budiriro 1-2018-09-03-2018-10-21",FALSE,FALSE,FALSE,FALSE,FALSE,"larger",1086248.26,"1035435","2019-03-25"
"AFR::ZWE::Harare::Harare-2018-09-03-2018-10-28",FALSE,FALSE,FALSE,FALSE,FALSE,"same",1086248.26,"1035435","2019-03-25"
"AFR::ZWE::Harare::Highfield::Lusaka-2018-09-03-2018-11-25",FALSE,FALSE,FALSE,FALSE,FALSE,"larger",1086248.26,"1035435","2019-03-25"
"AFR::ZWE::Harare::Kambuzuma::Kambuzuma2-2018-09-03-2018-11-11",FALSE,FALSE,FALSE,FALSE,FALSE,"larger",1086248.26,"1035435","2019-03-25"
"AFR::CMR::Far North::Mokolo Health District-2010-07-05-2010-11-07",FALSE,FALSE,FALSE,FALSE,FALSE,"same",60572,"60572","2019-08-01"
"AFR::CMR::Far North::Mokolo Health District-2014-09-08-2014-10-26",FALSE,FALSE,FALSE,FALSE,FALSE,"same",60572,"60572","2019-08-01"
"AFR::CMR::North::Pitoa Health District-2011-05-30-2011-11-20",FALSE,FALSE,FALSE,FALSE,FALSE,"same",36532,"22636.9824","2019-08-01"
"AFR::CMR::North::Pitoa Health District-2018-08-06-2018-12-02",FALSE,FALSE,FALSE,FALSE,FALSE,"same",36532,"22636.9824","2019-08-01"
"AFR::CMR::North::Pitoa Health District-2019-07-15-2019-11-17",FALSE,FALSE,FALSE,TRUE,FALSE,"same",36532,"22636.9824","2019-08-01"
"AFR::CMR::Far North::Mogode Health District-2010-07-19-2010-11-07",FALSE,FALSE,FALSE,FALSE,FALSE,"same",108333,"127463","2017-05-25"
"AFR::CMR::Far North::Mogode Health District-2014-05-19-2014-11-16",FALSE,FALSE,FALSE,FALSE,FALSE,"same",108333,"127463","2017-05-25"
"AFR::CMR::Far North::Mogode Health District-2010-07-19-2010-11-07",FALSE,FALSE,FALSE,FALSE,FALSE,"same",115482,"127463","2017-06-15"
"AFR::CMR::Far North::Mogode Health District-2014-05-19-2014-11-16",FALSE,FALSE,FALSE,FALSE,FALSE,"same",115482,"127463","2017-06-15"
"AFR::CMR::South-2020-05-11-2020-11-01",NA,NA,NA,NA,NA,"smaller",NA,"301",""
"AFR::CMR::South-2021-12-06-2022-02-27",NA,NA,NA,NA,NA,"smaller",NA,"301",""
"AFR::CMR::South-West-2019-11-11-2020-01-12",NA,NA,NA,NA,NA,"smaller",NA,"301",""
"AFR::CMR::South-West-2021-11-15-2022-01-09",NA,NA,NA,NA,NA,"smaller",NA,"301",""
"AFR::CMR::South-West::Buea Health District-2011-02-14-2011-09-18",NA,NA,NA,NA,NA,"same",NA,"301",""
"AFR::CMR::South-West::Buea Health District-2019-11-11-2020-01-12",NA,NA,NA,NA,NA,"same",NA,"301",""
"AFR::CMR::South-West::Kumba Health District-2011-01-03-2011-10-09",NA,NA,NA,NA,NA,"same",NA,"301",""
"AFR::CMR::South-West::Muyuka Health District-2011-01-03-2011-06-26",NA,NA,NA,NA,NA,"same",NA,"301",""
"AFR::CMR::South-West::Tiko Health District-2011-01-31-2011-12-18",NA,NA,NA,NA,NA,"same",NA,"301",""
"AFR::CMR::South-West::Tombel Health District-2010-11-15-2011-01-30",NA,NA,NA,NA,NA,"same",NA,"301",""
"AFR::MWI::Central::Dedza-2018-01-29-2018-03-25",NA,NA,NA,NA,NA,"same",NA,"974",""
"AFR::MWI::Central::Lilongwe-2018-01-15-2018-05-06",NA,NA,NA,NA,NA,"same",NA,"974",""
"AFR::MWI::Central::Lilongwe-2022-10-31-2023-02-12",NA,NA,NA,NA,NA,"same",NA,"974",""
"AFR::MWI::Central::Nkhotakota-2022-08-08-2023-02-12",NA,NA,NA,NA,NA,"same",NA,"974",""
"AFR::MWI::Central::Salima-2018-01-29-2018-04-01",NA,NA,NA,NA,NA,"same",NA,"974",""
"AFR::MWI::Central::Salima-2022-10-17-2023-02-12",NA,NA,NA,NA,NA,"same",NA,"974",""
"EMR::SOM::Lower Juba::Afmadow-2016-04-04-2016-07-17",FALSE,FALSE,FALSE,FALSE,FALSE,"same",99105,"104933","2018-02-11"
"EMR::SOM::Lower Juba::Afmadow-2016-04-04-2016-07-17",FALSE,FALSE,FALSE,FALSE,FALSE,"same",94919,"104933","2018-03-01"
"AFR::NGA::Borno::Jere-2017-08-14-2017-11-26",FALSE,FALSE,FALSE,FALSE,FALSE,"same",374782,"167564","2018-11-28"
"AFR::NGA::Borno::Ngala-2010-09-06-2010-10-10",FALSE,FALSE,FALSE,FALSE,FALSE,"same",138382,"339935","2018-11-28"
"AFR::NGA::Yobe::Gulani-2011-08-08-2011-10-30",FALSE,FALSE,FALSE,FALSE,FALSE,"same",143000,"150155","2018-11-26"
"AFR::NGA::Adamawa::Michika-2014-07-28-2014-08-31",FALSE,FALSE,FALSE,FALSE,FALSE,"same",197788,"216197","2019-03-30"
"AFR::NGA::Borno::Jere-2017-08-14-2017-11-26",FALSE,FALSE,FALSE,FALSE,FALSE,"same",394533,"167564","2019-03-01"
"AFR::NGA::Borno::Ngala-2010-09-06-2010-10-10",FALSE,FALSE,FALSE,FALSE,FALSE,"same",152640,"339935","2019-03-01"
"AFR::NGA::Yobe::Gulani-2011-08-08-2011-10-30",FALSE,FALSE,FALSE,FALSE,FALSE,"same",149980,"150155","2019-01-27"
"AFR::NGA::Adamawa::Michika-2014-07-28-2014-08-31",FALSE,FALSE,FALSE,FALSE,FALSE,"same",196631,"216197","2019-09-10"
"AFR::NGA::Bauchi-2018-03-26-2018-07-22",FALSE,FALSE,FALSE,TRUE,FALSE,"smaller",605500,"617184","2018-05-09"
"AFR::NGA::Bauchi-2021-05-17-2021-10-03",FALSE,FALSE,FALSE,FALSE,FALSE,"smaller",605500,"617184","2018-05-09"
"AFR::NGA::Bauchi::Alkaleri-2010-08-09-2010-11-21",FALSE,FALSE,FALSE,FALSE,FALSE,"same",605500,"617184","2018-05-09"
"AFR::NGA::Bauchi::Alkaleri-2014-06-30-2014-09-07",FALSE,FALSE,FALSE,FALSE,FALSE,"same",605500,"617184","2018-05-09"
"AFR::NGA::Bauchi::Bauchi-2010-07-05-2010-12-12",FALSE,FALSE,FALSE,FALSE,FALSE,"same",605500,"617184","2018-05-09"
"AFR::NGA::Bauchi::Bauchi-2014-02-03-2014-06-22",FALSE,FALSE,FALSE,FALSE,FALSE,"same",605500,"617184","2018-05-09"
"AFR::NGA::Bauchi::Bauchi-2018-03-26-2018-07-29",FALSE,FALSE,FALSE,TRUE,FALSE,"same",605500,"617184","2018-05-09"
"AFR::NGA::Bauchi::Darazo-2010-08-30-2010-11-14",FALSE,FALSE,FALSE,FALSE,FALSE,"same",605500,"617184","2018-05-09"
"AFR::NGA::Bauchi::Dass-2014-02-10-2014-07-06",FALSE,FALSE,FALSE,FALSE,FALSE,"same",605500,"617184","2018-05-09"
"AFR::NGA::Bauchi::Ganjuwa-2010-07-05-2010-11-14",FALSE,FALSE,FALSE,FALSE,FALSE,"same",605500,"617184","2018-05-09"
"AFR::NGA::Bauchi::Itas-Gadau-2010-09-06-2010-11-14",FALSE,FALSE,FALSE,FALSE,FALSE,"same",605500,"617184","2018-05-09"
"AFR::NGA::Bauchi::Jama'are-2010-08-30-2010-11-14",FALSE,FALSE,FALSE,FALSE,FALSE,"same",605500,"617184","2018-05-09"
"AFR::NGA::Bauchi::Jama'are-2014-09-08-2014-12-07",FALSE,FALSE,FALSE,FALSE,FALSE,"same",605500,"617184","2018-05-09"
"AFR::NGA::Bauchi::Kirfi-2010-07-26-2010-10-31",FALSE,FALSE,FALSE,FALSE,FALSE,"same",605500,"617184","2018-05-09"
"AFR::NGA::Bauchi::Misau-2010-08-16-2010-12-12",FALSE,FALSE,FALSE,FALSE,FALSE,"same",605500,"617184","2018-05-09"
"AFR::NGA::Bauchi::Ningi-2010-08-09-2010-12-12",FALSE,FALSE,FALSE,FALSE,FALSE,"same",605500,"617184","2018-05-09"
"AFR::NGA::Bauchi::Ningi-2014-10-06-2014-11-23",FALSE,FALSE,FALSE,FALSE,FALSE,"same",605500,"617184","2018-05-09"
"AFR::NGA::Bauchi::Shira-2010-08-23-2010-11-21",FALSE,FALSE,FALSE,FALSE,FALSE,"same",605500,"617184","2018-05-09"
"AFR::NGA::Bauchi::Shira-2015-09-21-2015-11-01",FALSE,FALSE,FALSE,FALSE,FALSE,"same",605500,"617184","2018-05-09"
"AFR::NGA::Bauchi::Tafawa-Balewa-2010-08-02-2010-11-21",FALSE,FALSE,FALSE,FALSE,FALSE,"same",605500,"617184","2018-05-09"
"AFR::NGA::Bauchi::Tafawa-Balewa-2014-03-10-2014-09-28",FALSE,FALSE,FALSE,FALSE,FALSE,"same",605500,"617184","2018-05-09"
"AFR::NGA::Bauchi::Toro-2010-08-09-2010-11-07",FALSE,FALSE,FALSE,FALSE,FALSE,"same",605500,"617184","2018-05-09"
"AFR::NGA::Bauchi::Toro-2014-04-07-2014-07-27",FALSE,FALSE,FALSE,FALSE,FALSE,"same",605500,"617184","2018-05-09"
"AFR::NGA::Adamawa::Mubi North-2011-05-16-2011-07-03",FALSE,FALSE,FALSE,FALSE,FALSE,"same",161600,"174434","2018-07-10"
"AFR::NGA::Adamawa::Mubi North-2018-05-14-2018-12-09",FALSE,FALSE,FALSE,TRUE,FALSE,"same",161600,"174434","2018-07-10"
"AFR::NGA::Adamawa::Mubi South-2011-04-25-2011-07-10",FALSE,FALSE,FALSE,FALSE,FALSE,"same",175580,"204381","2018-07-10"
"AFR::NGA::Borno::Jere-2017-08-14-2017-11-26",FALSE,FALSE,FALSE,TRUE,FALSE,"same",129451,"81600","2017-09-18"
"AFR::NGA::Borno::Monguno-2017-08-28-2017-11-12",FALSE,FALSE,FALSE,TRUE,FALSE,"same",129506,"","2017-09-18"
"AFR::NGA::Borno::Jere-2017-08-14-2017-11-26",FALSE,FALSE,FALSE,FALSE,FALSE,"same",140917,"129451","2017-12-08"
"AFR::NGA::Borno::Maiduguri-2010-08-09-2010-10-17",FALSE,FALSE,FALSE,FALSE,FALSE,"same",326833,"338108","2017-12-08"
"AFR::NGA::Borno::Maiduguri-2015-09-28-2015-11-01",FALSE,FALSE,FALSE,FALSE,FALSE,"same",326833,"338108","2017-12-08"
"AFR::NGA::Borno::Maiduguri-2018-08-20-2018-12-23",TRUE,TRUE,TRUE,FALSE,FALSE,"same",326833,"338108","2017-12-08"
"AFR::NGA::Borno::Monguno-2017-08-28-2017-11-12",FALSE,FALSE,FALSE,FALSE,FALSE,"same",123713,"129506","2017-12-08"
"AFR::NER::Diffa::N'Guigmi-2010-06-28-2010-10-24",NA,NA,NA,NA,NA,"same",66511,"77440",""
"AFR::NER::Diffa::N'Guigmi-2010-06-28-2010-10-24",NA,NA,NA,NA,NA,"same",72011,"77440",""
"AFR::MWI::Southern::Chikwawa-2022-04-18-2022-06-26",FALSE,FALSE,FALSE,FALSE,FALSE,"same",209271,"206069","2017-10-02"
"AFR::MWI::Southern::Chikwawa-2022-04-18-2022-06-26",FALSE,FALSE,FALSE,FALSE,FALSE,"same",42403,"40000","2017-06-26"
"AFR::MWI::Southern::Zomba-2012-07-30-2012-09-16",FALSE,FALSE,FALSE,FALSE,FALSE,"same",NA,"167289","2020-10-19"
"AFR::MWI::Southern::Zomba-2015-12-28-2016-06-26",FALSE,FALSE,FALSE,FALSE,FALSE,"same",NA,"167289","2020-10-19"
"AFR::MWI::Southern::Nsanje-2015-03-09-2015-05-24",FALSE,FALSE,FALSE,FALSE,FALSE,"same",25000,"170000","2017-07-03"
"AFR::MWI::Southern::Nsanje-2022-04-18-2022-07-03",FALSE,FALSE,FALSE,FALSE,FALSE,"same",25000,"170000","2017-07-03"
"AFR::MWI::Southern::Nsanje-2015-03-09-2015-05-24",FALSE,FALSE,FALSE,FALSE,FALSE,"same",215968,"170000","2020-10-19"
"AFR::MWI::Southern::Nsanje-2022-04-18-2022-07-03",FALSE,TRUE,TRUE,FALSE,FALSE,"same",215968,"170000","2020-10-19"
"AFR::MWI::Central::Lilongwe-2018-01-15-2018-05-06",FALSE,FALSE,FALSE,TRUE,FALSE,"same",348066,"114000","2018-04-17"
"AFR::MWI::Central::Lilongwe-2022-10-31-2023-02-12",FALSE,FALSE,FALSE,FALSE,FALSE,"same",348066,"114000","2018-04-17"
"AFR::MWI::Southern::Mangochi-2022-10-03-2023-02-12",FALSE,FALSE,FALSE,FALSE,FALSE,"same",NA,"88116","2018-12-17"
"AFR::MWI::Southern::Machinga-2012-07-16-2012-09-02",FALSE,FALSE,FALSE,FALSE,FALSE,"same",NA,"170000","2020-10-19"
"AFR::MWI::Southern::Machinga-2016-02-01-2016-07-03",FALSE,FALSE,FALSE,FALSE,FALSE,"same",NA,"170000","2020-10-19"
"AFR::MWI::Southern::Machinga-2022-11-07-2023-02-12",FALSE,FALSE,TRUE,FALSE,FALSE,"same",NA,"170000","2020-10-19"
"AFR::MWI::Southern::Machinga::TA Kawinga-2015-12-21-2016-03-27",FALSE,FALSE,FALSE,FALSE,FALSE,"larger",NA,"170000","2020-10-19"
"AFR::MWI::Southern::Phalombe-2012-07-23-2012-09-09",FALSE,FALSE,FALSE,FALSE,FALSE,"same",NA,"175551","2020-10-19"
"AFR::MWI::Northern::Karonga-2016-03-28-2016-08-07",FALSE,FALSE,FALSE,FALSE,FALSE,"same",110518,"87324","2018-02-19"
"AFR::MWI::Northern::Karonga-2017-11-20-2018-04-08",FALSE,FALSE,FALSE,TRUE,FALSE,"same",110518,"87324","2018-02-19"
"AFR::MWI::Northern::Karonga::SC Mwirangombe-2016-04-18-2016-05-29",FALSE,FALSE,FALSE,FALSE,FALSE,"larger",110518,"87324","2018-02-19"
"AFR::MWI::Northern::Karonga::TA Kilupula-2016-04-18-2016-06-12",FALSE,FALSE,FALSE,FALSE,FALSE,"larger",110518,"87324","2018-02-19"
"AFR::MWI::Central::Salima-2018-01-29-2018-04-01",TRUE,TRUE,TRUE,FALSE,FALSE,"same",115672,"108533","2017-11-20"
"AFR::MWI::Central::Salima-2022-10-17-2023-02-12",FALSE,FALSE,FALSE,FALSE,FALSE,"same",115672,"108533","2017-11-20"
"AFR::MWI::Northern::Nkhata Bay-2022-09-12-2023-01-29",FALSE,FALSE,FALSE,FALSE,FALSE,"same",124056,"118309","2018-08-06"
"AFR::MWI::Southern::Chikwawa-2022-04-18-2022-06-26",FALSE,FALSE,FALSE,FALSE,FALSE,"same",185180,"206069","2017-10-23"
"AFR::MWI::Southern::Chikwawa-2022-04-18-2022-06-26",FALSE,FALSE,FALSE,FALSE,FALSE,"same",32836,"40000","2017-07-17"
"AFR::MWI::Southern::Nsanje-2015-03-09-2015-05-24",FALSE,FALSE,FALSE,FALSE,FALSE,"same",15000,"170000","2017-07-24"
"AFR::MWI::Southern::Nsanje-2022-04-18-2022-07-03",FALSE,FALSE,FALSE,FALSE,FALSE,"same",15000,"170000","2017-07-24"
"AFR::MWI::Central::Lilongwe-2018-01-15-2018-05-06",FALSE,FALSE,FALSE,FALSE,FALSE,"same",310233,"114000","2018-05-28"
"AFR::MWI::Central::Lilongwe-2022-10-31-2023-02-12",FALSE,FALSE,FALSE,FALSE,FALSE,"same",310233,"114000","2018-05-28"
"AFR::MWI::Southern::Mangochi-2022-10-03-2023-02-12",FALSE,FALSE,FALSE,FALSE,FALSE,"same",NA,"88116","2019-01-07"
"AFR::MWI::Northern::Karonga-2016-03-28-2016-08-07",FALSE,FALSE,FALSE,FALSE,FALSE,"same",98018,"87324","2018-03-12"
"AFR::MWI::Northern::Karonga-2017-11-20-2018-04-08",FALSE,FALSE,FALSE,TRUE,FALSE,"same",98018,"87324","2018-03-12"
"AFR::MWI::Northern::Karonga::SC Mwirangombe-2016-04-18-2016-05-29",FALSE,FALSE,FALSE,FALSE,FALSE,"larger",98018,"87324","2018-03-12"
"AFR::MWI::Northern::Karonga::TA Kilupula-2016-04-18-2016-06-12",FALSE,FALSE,FALSE,FALSE,FALSE,"larger",98018,"87324","2018-03-12"
"AFR::MWI::Central::Salima-2018-01-29-2018-04-01",TRUE,TRUE,TRUE,FALSE,FALSE,"same",110511,"108533","2017-12-11"
"AFR::MWI::Central::Salima-2022-10-17-2023-02-12",FALSE,FALSE,FALSE,FALSE,FALSE,"same",110511,"108533","2017-12-11"
"AFR::MWI::Northern::Nkhata Bay-2022-09-12-2023-01-29",FALSE,FALSE,FALSE,FALSE,FALSE,"same",121631,"118309","2018-08-27"
"AFR::MWI::Southern::Machinga-2012-07-16-2012-09-02",NA,NA,NA,NA,NA,"same",45570,"45000",""
"AFR::MWI::Southern::Machinga-2016-02-01-2016-07-03",NA,NA,NA,NA,NA,"same",45570,"45000",""
"AFR::MWI::Southern::Machinga-2022-11-07-2023-02-12",NA,NA,NA,NA,NA,"same",45570,"45000",""
"AFR::MWI::Southern::Machinga::TA Kawinga-2015-12-21-2016-03-27",NA,NA,NA,NA,NA,"larger",45570,"45000",""
"AFR::MWI::Southern::Zomba-2012-07-30-2012-09-16",FALSE,FALSE,FALSE,FALSE,FALSE,"same",49263,"45000","2016-11-15"
"AFR::MWI::Southern::Zomba-2015-12-28-2016-06-26",FALSE,FALSE,FALSE,FALSE,FALSE,"same",49263,"45000","2016-11-15"
"AFR::MWI::Southern::Machinga-2012-07-16-2012-09-02",NA,NA,NA,NA,NA,"same",30872,"45000",""
"AFR::MWI::Southern::Machinga-2016-02-01-2016-07-03",NA,NA,NA,NA,NA,"same",30872,"45000",""
"AFR::MWI::Southern::Machinga-2022-11-07-2023-02-12",NA,NA,NA,NA,NA,"same",30872,"45000",""
"AFR::MWI::Southern::Machinga::TA Kawinga-2015-12-21-2016-03-27",NA,NA,NA,NA,NA,"larger",30872,"45000",""
"AFR::MWI::Southern::Zomba-2012-07-30-2012-09-16",FALSE,FALSE,FALSE,FALSE,FALSE,"same",37438,"45000","2016-12-05"
"AFR::MWI::Southern::Zomba-2015-12-28-2016-06-26",FALSE,FALSE,FALSE,FALSE,FALSE,"same",37438,"45000","2016-12-05"
"AFR::MWI::Southern::Zomba-2012-07-30-2012-09-16",FALSE,FALSE,FALSE,FALSE,FALSE,"same",28502,"26946","2016-02-16"
"AFR::MWI::Southern::Zomba-2015-12-28-2016-06-26",FALSE,FALSE,FALSE,TRUE,FALSE,"same",28502,"26946","2016-02-16"
"AFR::MWI::Southern::Phalombe-2012-07-23-2012-09-09",FALSE,FALSE,FALSE,FALSE,FALSE,"same",18447,"23855","2016-02-16"
"AFR::MWI::Southern::Machinga-2012-07-16-2012-09-02",FALSE,FALSE,FALSE,FALSE,FALSE,"same",31961,"29198","2016-02-16"
"AFR::MWI::Southern::Machinga-2016-02-01-2016-07-03",FALSE,FALSE,FALSE,TRUE,FALSE,"same",31961,"29198","2016-02-16"
"AFR::MWI::Southern::Machinga-2022-11-07-2023-02-12",FALSE,FALSE,FALSE,FALSE,FALSE,"same",31961,"29198","2016-02-16"
"AFR::MWI::Southern::Machinga::TA Kawinga-2015-12-21-2016-03-27",FALSE,FALSE,FALSE,TRUE,FALSE,"larger",31961,"29198","2016-02-16"
"AFR::MWI::Southern::Zomba-2012-07-30-2012-09-16",FALSE,FALSE,FALSE,FALSE,FALSE,"same",34142,"26946","2016-03-08"
"AFR::MWI::Southern::Zomba-2015-12-28-2016-06-26",FALSE,FALSE,FALSE,TRUE,FALSE,"same",34142,"26946","2016-03-08"
"AFR::MWI::Southern::Phalombe-2012-07-23-2012-09-09",FALSE,FALSE,FALSE,FALSE,FALSE,"same",20583,"23855","2016-03-08"
"AFR::MWI::Southern::Machinga-2012-07-16-2012-09-02",FALSE,FALSE,FALSE,FALSE,FALSE,"same",36523,"29198","2016-03-08"
"AFR::MWI::Southern::Machinga-2016-02-01-2016-07-03",FALSE,FALSE,FALSE,TRUE,FALSE,"same",36523,"29198","2016-03-08"
"AFR::MWI::Southern::Machinga-2022-11-07-2023-02-12",FALSE,FALSE,FALSE,FALSE,FALSE,"same",36523,"29198","2016-03-08"
"AFR::MWI::Southern::Machinga::TA Kawinga-2015-12-21-2016-03-27",FALSE,FALSE,FALSE,TRUE,FALSE,"larger",36523,"29198","2016-03-08"
"AFR::MWI::Southern::Nsanje-2015-03-09-2015-05-24",FALSE,FALSE,FALSE,TRUE,FALSE,"same",156592,"159978","2015-04-04"
"AFR::MWI::Southern::Nsanje-2022-04-18-2022-07-03",FALSE,FALSE,FALSE,FALSE,FALSE,"same",156592,"159978","2015-04-04"
"AFR::MWI::Southern::Nsanje-2015-03-09-2015-05-24",FALSE,FALSE,FALSE,TRUE,FALSE,"same",108440,"159978","2015-04-20"
"AFR::MWI::Southern::Nsanje-2022-04-18-2022-07-03",FALSE,FALSE,FALSE,FALSE,FALSE,"same",108440,"159978","2015-04-20"
"AFR::MWI::Southern::Chikwawa-2022-04-18-2022-06-26",FALSE,FALSE,FALSE,FALSE,FALSE,"same",NA,"12415","2015-08-17"
"AFR::MWI::Southern::Chikwawa-2022-04-18-2022-06-26",FALSE,FALSE,FALSE,FALSE,FALSE,"same",NA,"12415","2015-09-07"
"AFR::GIN::GN-D::Forecariah-2012-01-23-2012-09-23",FALSE,FALSE,FALSE,FALSE,FALSE,"same",83533,"88207","2014-05-11"
"AFR::GIN::GN-D::Coyah-2012-07-23-2012-10-21",FALSE,FALSE,FALSE,FALSE,FALSE,"same",3698,"4176","2014-05-11"
"AFR::GIN::GN-B::Boke-2012-07-16-2012-10-28",FALSE,FALSE,FALSE,FALSE,FALSE,"same",44154,"44535","2014-05-11"
"AFR::GIN::GN-D::Dubreka-2012-07-23-2012-11-18",FALSE,FALSE,FALSE,FALSE,FALSE,"same",3901,"4118","2014-05-11"
"AFR::GIN::GN-D::Forecariah-2012-01-23-2012-09-23",FALSE,FALSE,FALSE,FALSE,FALSE,"same",83533,"88207","2014-05-28"
"AFR::GIN::GN-D::Coyah-2012-07-23-2012-10-21",FALSE,FALSE,FALSE,FALSE,FALSE,"same",3698,"4176","2014-05-28"
"AFR::GIN::GN-B::Boke-2012-07-16-2012-10-28",FALSE,FALSE,FALSE,FALSE,FALSE,"same",44154,"44535","2014-05-28"
"AFR::GIN::GN-D::Dubreka-2012-07-23-2012-11-18",FALSE,FALSE,FALSE,FALSE,FALSE,"same",3901,"4118","2014-05-28"
"AFR::ETH::Oromia::Guji::Negele-2016-03-21-2016-08-07",FALSE,FALSE,FALSE,FALSE,FALSE,"larger",NA,"54455","2020-12-28"
"AFR::ETH::Oromia::Guji::Adola Rede-2016-06-20-2016-08-07",FALSE,FALSE,FALSE,FALSE,FALSE,"larger",NA,"143874","2020-12-28"
"AFR::ETH::Oromia::Guji::Adola Rede-2019-12-09-2020-03-08",FALSE,FALSE,FALSE,FALSE,FALSE,"larger",NA,"143874","2020-12-28"
"AFR::ETH::Oromia::Guji::Liben-2016-03-28-2016-06-19",FALSE,FALSE,FALSE,FALSE,FALSE,"larger",NA,"88512","2020-12-28"
"AFR::ETH::Oromia::West Guji::Abaya-2016-07-04-2016-10-09",FALSE,FALSE,FALSE,FALSE,FALSE,"larger",NA,"136213","2020-12-28"
"AFR::ETH::Somali::Erer::Hamero-2017-04-17-2017-05-21",FALSE,FALSE,FALSE,FALSE,FALSE,"larger",NA,"73769","2020-12-28"
"AFR::ETH::Gambela::Agnewak::Dima-2020-11-02-2020-12-20",FALSE,FALSE,FALSE,FALSE,FALSE,"larger",NA,"26847","2020-12-28"
"AFR::ETH::Somali::Erer::Hamero-2017-04-17-2017-05-21",FALSE,FALSE,FALSE,FALSE,FALSE,"larger",NA,"8000","2020-12-28"
"AFR::ETH::Somali::Shebelle::Kelafo-2016-10-10-2016-11-27",FALSE,FALSE,FALSE,FALSE,FALSE,"larger",NA,"44412","2020-12-28"
"AFR::ETH::Somali::Shebelle::Kelafo-2019-12-30-2020-03-01",FALSE,FALSE,FALSE,FALSE,FALSE,"larger",NA,"44412","2020-12-28"
"AFR::ETH::Somali::Shebelle-2016-10-10-2016-11-27",FALSE,FALSE,FALSE,FALSE,FALSE,"same",NA,"588","2020-12-28"
"AFR::ETH::Somali::Shebelle-2019-12-30-2020-03-01",FALSE,FALSE,FALSE,FALSE,FALSE,"same",NA,"588","2020-12-28"
"AFR::ETH::Somali::Shebelle::Danan-2017-04-17-2017-06-18",FALSE,FALSE,FALSE,FALSE,FALSE,"larger",NA,"588","2020-12-28"
"AFR::ETH::Somali::Shebelle::Kelafo-2016-10-10-2016-11-27",FALSE,FALSE,FALSE,FALSE,FALSE,"larger",NA,"588","2020-12-28"
"AFR::ETH::Somali::Shebelle::Kelafo-2019-12-30-2020-03-01",FALSE,FALSE,FALSE,FALSE,FALSE,"larger",NA,"588","2020-12-28"
"AFR::ETH::Oromia::West Harerge::Meiso-2016-08-08-2016-10-02",FALSE,FALSE,FALSE,FALSE,FALSE,"larger",78688,"78739","2019-08-01"
"AFR::ETH::Oromia::West Harerge::Bedessa-2019-05-20-2019-07-14",FALSE,FALSE,FALSE,FALSE,FALSE,"larger",27136,"27138","2019-08-01"
"AFR::ETH::Afar::Zone 4::Ewa-2019-09-09-2019-11-03",TRUE,TRUE,TRUE,FALSE,FALSE,"larger",29209,"36500","2019-08-01"
"AFR::ETH::Amhara::North Shewa-2016-07-04-2016-11-06",FALSE,FALSE,FALSE,FALSE,FALSE,"same",29209,"36500","2019-08-01"
"AFR::ETH::Amhara::North Shewa::Angolelana Tera-2016-07-25-2016-09-18",FALSE,FALSE,FALSE,FALSE,FALSE,"larger",29209,"36500","2019-08-01"
"AFR::ETH::Amhara::North Shewa::Debre Berhan-2016-07-25-2016-09-11",FALSE,FALSE,FALSE,FALSE,FALSE,"larger",29209,"36500","2019-08-01"
"AFR::ETH::Amhara::North Shewa::Eferatana Gidem-2016-10-03-2016-11-13",FALSE,FALSE,FALSE,FALSE,FALSE,"larger",29209,"36500","2019-08-01"
"AFR::ETH::Amhara::North Shewa::Hagere Mariam-2016-07-25-2016-09-11",FALSE,FALSE,FALSE,FALSE,FALSE,"larger",29209,"36500","2019-08-01"
"AFR::ETH::Amhara::North Shewa::Kewet-2016-08-22-2016-10-09",FALSE,FALSE,FALSE,FALSE,FALSE,"larger",29209,"36500","2019-08-01"
"AFR::ETH::Amhara::North Shewa::Menz Keya Gabriel-2016-07-04-2016-09-04",FALSE,FALSE,FALSE,FALSE,FALSE,"larger",29209,"36500","2019-08-01"
"AFR::ETH::Gambela::Agnewak::Dima-2020-11-02-2020-12-20",FALSE,TRUE,TRUE,FALSE,FALSE,"larger",29209,"36500","2019-08-01"
"AFR::ETH::Oromia::East Shewa-2016-07-11-2016-11-06",FALSE,FALSE,FALSE,FALSE,FALSE,"same",29209,"36500","2019-08-01"
"AFR::ETH::Oromia::East Shewa::Boset-2016-08-08-2016-10-30",FALSE,FALSE,FALSE,FALSE,FALSE,"larger",29209,"36500","2019-08-01"
"AFR::ETH::Oromia::East Shewa::Fentale-2016-09-12-2016-10-23",FALSE,FALSE,FALSE,FALSE,FALSE,"larger",29209,"36500","2019-08-01"
"AFR::ETH::Oromia::North Shewa-2016-07-25-2016-11-13",FALSE,FALSE,FALSE,FALSE,FALSE,"same",29209,"36500","2019-08-01"
"AFR::ETH::Oromia::North Shewa-2017-08-21-2017-10-08",FALSE,FALSE,FALSE,FALSE,FALSE,"same",29209,"36500","2019-08-01"
"AFR::ETH::Oromia::North Shewa::Dera-2016-08-15-2016-10-09",FALSE,FALSE,FALSE,FALSE,FALSE,"larger",29209,"36500","2019-08-01"
"AFR::ETH::Oromia::North Shewa::Wara Jarso-2016-07-25-2016-10-02",FALSE,FALSE,FALSE,FALSE,FALSE,"larger",29209,"36500","2019-08-01"
"AFR::ETH::Oromia::South West Shewa-2016-07-25-2016-10-02",FALSE,FALSE,FALSE,FALSE,FALSE,"same",29209,"36500","2019-08-01"
"AFR::ETH::Oromia::South West Shewa::Kersana Malima-2016-07-25-2016-09-18",FALSE,FALSE,FALSE,FALSE,FALSE,"larger",29209,"36500","2019-08-01"
"AFR::ETH::Oromia::South West Shewa::Sodo Daci-2016-07-18-2016-10-02",FALSE,FALSE,FALSE,FALSE,FALSE,"larger",29209,"36500","2019-08-01"
"AFR::ETH::Addis Ababa-2016-06-06-2016-10-02",FALSE,FALSE,FALSE,FALSE,FALSE,"same",17324,"18762","2019-08-01"
"AFR::ETH::Addis Ababa::Addis Ababa::Addis Ketema-2016-06-06-2016-09-25",FALSE,FALSE,FALSE,FALSE,FALSE,"larger",17324,"18762","2019-08-01"
"AFR::ETH::Addis Ababa::Addis Ababa::Akaki Kality-2016-06-06-2016-10-02",FALSE,FALSE,FALSE,FALSE,FALSE,"larger",17324,"18762","2019-08-01"
"AFR::ETH::Addis Ababa::Addis Ababa::Arada-2016-06-06-2016-10-02",FALSE,FALSE,FALSE,FALSE,FALSE,"larger",17324,"18762","2019-08-01"
"AFR::ETH::Addis Ababa::Addis Ababa::Bole-2016-06-06-2016-10-02",FALSE,FALSE,FALSE,FALSE,FALSE,"larger",17324,"18762","2019-08-01"
"AFR::ETH::Addis Ababa::Addis Ababa::Gulele-2016-06-06-2016-10-02",FALSE,FALSE,FALSE,FALSE,FALSE,"larger",17324,"18762","2019-08-01"
"AFR::ETH::Addis Ababa::Addis Ababa::Kirkos-2016-06-13-2016-10-02",FALSE,FALSE,FALSE,FALSE,FALSE,"larger",17324,"18762","2019-08-01"
"AFR::ETH::Addis Ababa::Addis Ababa::Kolfe-Keraniyo-2016-06-06-2016-09-25",FALSE,FALSE,FALSE,FALSE,FALSE,"larger",17324,"18762","2019-08-01"
"AFR::ETH::Addis Ababa::Addis Ababa::Lideta-2016-06-06-2016-09-11",FALSE,FALSE,FALSE,FALSE,FALSE,"larger",17324,"18762","2019-08-01"
"AFR::ETH::Addis Ababa::Addis Ababa::Nifas Silk-2016-06-06-2016-09-18",FALSE,FALSE,FALSE,FALSE,FALSE,"larger",17324,"18762","2019-08-01"
"AFR::ETH::Addis Ababa::Addis Ababa::Yeka-2016-06-13-2016-10-02",FALSE,FALSE,FALSE,FALSE,FALSE,"larger",17324,"18762","2019-08-01"
"AFR::ETH::Somali::Dawa::Hudet-2016-02-22-2016-04-17",FALSE,FALSE,FALSE,FALSE,FALSE,"larger",32286,"32500","2019-08-01"
"AFR::ETH::Somali::Erer-2017-09-11-2017-11-12",FALSE,FALSE,FALSE,FALSE,FALSE,"same",46040,"47000","2019-08-01"
"AFR::ETH::Somali::Erer::Babile-2017-09-11-2017-11-12",FALSE,FALSE,FALSE,FALSE,FALSE,"larger",46040,"47000","2019-08-01"
"AFR::ETH::Somali::Erer::Fik-2017-02-20-2017-05-28",FALSE,FALSE,FALSE,FALSE,FALSE,"larger",46040,"47000","2019-08-01"
"AFR::ETH::Somali::Erer::Hamero-2017-04-17-2017-05-21",FALSE,FALSE,FALSE,FALSE,FALSE,"larger",46040,"47000","2019-08-01"
"AFR::ETH::Somali::Sitti::Erer-2017-09-18-2017-12-03",FALSE,FALSE,FALSE,FALSE,FALSE,"larger",46040,"47000","2019-08-01"
"AFR::ETH::Gambela::Agnewak::Dima-2020-11-02-2020-12-20",NA,NA,NA,NA,NA,"larger",NA,"139566",""
"AFR::ETH::Gambela::Agnewak::Dima-2020-11-02-2020-12-20",NA,NA,NA,NA,NA,"larger",NA,"139566",""
